Name,Price,Baseprice,Discount,Image,Alt Images,Selected Variant,Seller name,Seller Price
"Nokia 105 2019 (Single SIM, Pink)","₹ 1,049.00","₹ 1,249.00",₹ 200.00 (16%),https://images-na.ssl-images-amazon.com/images/i/41ctk-5ztfl._sx342_.jpg,"['https://images-na.ssl-images-amazon.com/images/i/41ctk-5ztfl._sx342_.jpg', 'https://images-na.ssl-images-amazon.com/images/i/41ctk-5ztfl.jpg', 'https://images-na.ssl-images-amazon.com/images/i/41ctk-5ztfl._sx466_.jpg', 'https://images-na.ssl-images-amazon.com/images/i/41ctk-5ztfl._sx385_.jpg', 'https://images-na.ssl-images-amazon.com/images/i/41ctk-5ztfl._sx425_.jpg']",Pink,Appario Retail Private Ltd,"Rs. 1,049.00"
"Nokia 105 2019 (Single SIM, Pink)","₹ 1,049.00","₹ 1,249.00",₹ 200.00 (16%),https://images-na.ssl-images-amazon.com/images/i/41ctk-5ztfl._sx342_.jpg,"['https://images-na.ssl-images-amazon.com/images/i/41ctk-5ztfl._sx342_.jpg', 'https://images-na.ssl-images-amazon.com/images/i/41ctk-5ztfl.jpg', 'https://images-na.ssl-images-amazon.com/images/i/41ctk-5ztfl._sx466_.jpg', 'https://images-na.ssl-images-amazon.com/images/i/41ctk-5ztfl._sx385_.jpg', 'https://images-na.ssl-images-amazon.com/images/i/41ctk-5ztfl._sx425_.jpg']",Pink,DJSALES,"Rs. 1,079.00"
"Nokia 105 2019 (Single SIM, Pink)","₹ 1,049.00","₹ 1,249.00",₹ 200.00 (16%),https://images-na.ssl-images-amazon.com/images/i/41ctk-5ztfl._sx342_.jpg,"['https://images-na.ssl-images-amazon.com/images/i/41ctk-5ztfl._sx342_.jpg', 'https://images-na.ssl-images-amazon.com/images/i/41ctk-5ztfl.jpg', 'https://images-na.ssl-images-amazon.com/images/i/41ctk-5ztfl._sx466_.jpg', 'https://images-na.ssl-images-amazon.com/images/i/41ctk-5ztfl._sx385_.jpg', 'https://images-na.ssl-images-amazon.com/images/i/41ctk-5ztfl._sx425_.jpg']",Pink,SATGURU ENTERPRISES01,"Rs. 1,016.00"
"Nokia 105 2019 (Single SIM, Pink)","₹ 1,049.00","₹ 1,249.00",₹ 200.00 (16%),https://images-na.ssl-images-amazon.com/images/i/41ctk-5ztfl._sx342_.jpg,"['https://images-na.ssl-images-amazon.com/images/i/41ctk-5ztfl._sx342_.jpg', 'https://images-na.ssl-images-amazon.com/images/i/41ctk-5ztfl.jpg', 'https://images-na.ssl-images-amazon.com/images/i/41ctk-5ztfl._sx466_.jpg', 'https://images-na.ssl-images-amazon.com/images/i/41ctk-5ztfl._sx385_.jpg', 'https://images-na.ssl-images-amazon.com/images/i/41ctk-5ztfl._sx425_.jpg']",Pink,Venturez,"Rs. 1,100.00"
"Nokia 105 2019 (Single SIM, Pink)","₹ 1,049.00","₹ 1,249.00",₹ 200.00 (16%),https://images-na.ssl-images-amazon.com/images/i/41ctk-5ztfl._sx342_.jpg,"['https://images-na.ssl-images-amazon.com/images/i/41ctk-5ztfl._sx342_.jpg', 'https://images-na.ssl-images-amazon.com/images/i/41ctk-5ztfl.jpg', 'https://images-na.ssl-images-amazon.com/images/i/41ctk-5ztfl._sx466_.jpg', 'https://images-na.ssl-images-amazon.com/images/i/41ctk-5ztfl._sx385_.jpg', 'https://images-na.ssl-images-amazon.com/images/i/41ctk-5ztfl._sx425_.jpg']",Pink,D-Cart,"Rs. 1,111.00"
"Nokia 105 2019 (Single SIM, Pink)","₹ 1,049.00","₹ 1,249.00",₹ 200.00 (16%),https://images-na.ssl-images-amazon.com/images/i/41ctk-5ztfl._sx342_.jpg,"['https://images-na.ssl-images-amazon.com/images/i/41ctk-5ztfl._sx342_.jpg', 'https://images-na.ssl-images-amazon.com/images/i/41ctk-5ztfl.jpg', 'https://images-na.ssl-images-amazon.com/images/i/41ctk-5ztfl._sx466_.jpg', 'https://images-na.ssl-images-amazon.com/images/i/41ctk-5ztfl._sx385_.jpg', 'https://images-na.ssl-images-amazon.com/images/i/41ctk-5ztfl._sx425_.jpg']",Pink,ALPHABAT,"Rs. 1,111.00"
"Nokia 105 2019 (Single SIM, Pink)","₹ 1,049.00","₹ 1,249.00",₹ 200.00 (16%),https://images-na.ssl-images-amazon.com/images/i/41ctk-5ztfl._sx342_.jpg,"['https://images-na.ssl-images-amazon.com/images/i/41ctk-5ztfl._sx342_.jpg', 'https://images-na.ssl-images-amazon.com/images/i/41ctk-5ztfl.jpg', 'https://images-na.ssl-images-amazon.com/images/i/41ctk-5ztfl._sx466_.jpg', 'https://images-na.ssl-images-amazon.com/images/i/41ctk-5ztfl._sx385_.jpg', 'https://images-na.ssl-images-amazon.com/images/i/41ctk-5ztfl._sx425_.jpg']",Pink,APS Trading,"Rs. 1,125.00"
"Nokia 105 2019 (Single SIM, Pink)","₹ 1,049.00","₹ 1,249.00",₹ 200.00 (16%),https://images-na.ssl-images-amazon.com/images/i/41ctk-5ztfl._sx342_.jpg,"['https://images-na.ssl-images-amazon.com/images/i/41ctk-5ztfl._sx342_.jpg', 'https://images-na.ssl-images-amazon.com/images/i/41ctk-5ztfl.jpg', 'https://images-na.ssl-images-amazon.com/images/i/41ctk-5ztfl._sx466_.jpg', 'https://images-na.ssl-images-amazon.com/images/i/41ctk-5ztfl._sx385_.jpg', 'https://images-na.ssl-images-amazon.com/images/i/41ctk-5ztfl._sx425_.jpg']",Pink,IndiaCart,"Rs. 1,144.00"
"Nokia 105 2019 (Single SIM, Pink)","₹ 1,049.00","₹ 1,249.00",₹ 200.00 (16%),https://images-na.ssl-images-amazon.com/images/i/41ctk-5ztfl._sx342_.jpg,"['https://images-na.ssl-images-amazon.com/images/i/41ctk-5ztfl._sx342_.jpg', 'https://images-na.ssl-images-amazon.com/images/i/41ctk-5ztfl.jpg', 'https://images-na.ssl-images-amazon.com/images/i/41ctk-5ztfl._sx466_.jpg', 'https://images-na.ssl-images-amazon.com/images/i/41ctk-5ztfl._sx385_.jpg', 'https://images-na.ssl-images-amazon.com/images/i/41ctk-5ztfl._sx425_.jpg']",Pink,R M Digitals,"Rs. 1,150.00"
"Nokia 105 2019 (Single SIM, Pink)","₹ 1,049.00","₹ 1,249.00",₹ 200.00 (16%),https://images-na.ssl-images-amazon.com/images/i/41ctk-5ztfl._sx342_.jpg,"['https://images-na.ssl-images-amazon.com/images/i/41ctk-5ztfl._sx342_.jpg', 'https://images-na.ssl-images-amazon.com/images/i/41ctk-5ztfl.jpg', 'https://images-na.ssl-images-amazon.com/images/i/41ctk-5ztfl._sx466_.jpg', 'https://images-na.ssl-images-amazon.com/images/i/41ctk-5ztfl._sx385_.jpg', 'https://images-na.ssl-images-amazon.com/images/i/41ctk-5ztfl._sx425_.jpg']",Pink,Per Day Deal,"Rs. 1,185.00"
"Nokia 105 2019 (Single SIM, Pink)","₹ 1,049.00","₹ 1,249.00",₹ 200.00 (16%),https://images-na.ssl-images-amazon.com/images/i/41ctk-5ztfl._sx342_.jpg,"['https://images-na.ssl-images-amazon.com/images/i/41ctk-5ztfl._sx342_.jpg', 'https://images-na.ssl-images-amazon.com/images/i/41ctk-5ztfl.jpg', 'https://images-na.ssl-images-amazon.com/images/i/41ctk-5ztfl._sx466_.jpg', 'https://images-na.ssl-images-amazon.com/images/i/41ctk-5ztfl._sx385_.jpg', 'https://images-na.ssl-images-amazon.com/images/i/41ctk-5ztfl._sx425_.jpg']",Pink,webonline,"Rs. 1,195.00"
"Nokia 105 2019 (Single SIM, Pink)","₹ 1,049.00","₹ 1,249.00",₹ 200.00 (16%),https://images-na.ssl-images-amazon.com/images/i/41ctk-5ztfl._sx342_.jpg,"['https://images-na.ssl-images-amazon.com/images/i/41ctk-5ztfl._sx342_.jpg', 'https://images-na.ssl-images-amazon.com/images/i/41ctk-5ztfl.jpg', 'https://images-na.ssl-images-amazon.com/images/i/41ctk-5ztfl._sx466_.jpg', 'https://images-na.ssl-images-amazon.com/images/i/41ctk-5ztfl._sx385_.jpg', 'https://images-na.ssl-images-amazon.com/images/i/41ctk-5ztfl._sx425_.jpg']",Pink,Tulza Mobile And Trading,"Rs. 1,106.00"
"Nokia 105 2019 (Single SIM, Pink)","₹ 1,049.00","₹ 1,249.00",₹ 200.00 (16%),https://images-na.ssl-images-amazon.com/images/i/41ctk-5ztfl._sx342_.jpg,"['https://images-na.ssl-images-amazon.com/images/i/41ctk-5ztfl._sx342_.jpg', 'https://images-na.ssl-images-amazon.com/images/i/41ctk-5ztfl.jpg', 'https://images-na.ssl-images-amazon.com/images/i/41ctk-5ztfl._sx466_.jpg', 'https://images-na.ssl-images-amazon.com/images/i/41ctk-5ztfl._sx385_.jpg', 'https://images-na.ssl-images-amazon.com/images/i/41ctk-5ztfl._sx425_.jpg']",Pink,Mars & Pluto,"Rs. 1,196.00"
"Nokia 105 2019 (Single SIM, Pink)","₹ 1,049.00","₹ 1,249.00",₹ 200.00 (16%),https://images-na.ssl-images-amazon.com/images/i/41ctk-5ztfl._sx342_.jpg,"['https://images-na.ssl-images-amazon.com/images/i/41ctk-5ztfl._sx342_.jpg', 'https://images-na.ssl-images-amazon.com/images/i/41ctk-5ztfl.jpg', 'https://images-na.ssl-images-amazon.com/images/i/41ctk-5ztfl._sx466_.jpg', 'https://images-na.ssl-images-amazon.com/images/i/41ctk-5ztfl._sx385_.jpg', 'https://images-na.ssl-images-amazon.com/images/i/41ctk-5ztfl._sx425_.jpg']",Pink,CloudNine India,"Rs. 1,312.00"
"Nokia 105 2019 (Single SIM, Blue)","₹ 1,049.00","₹ 1,249.00",₹ 200.00 (16%),https://images-na.ssl-images-amazon.com/images/i/41eua6oiq4l._sx425_.jpg,"['https://images-na.ssl-images-amazon.com/images/i/41eua6oiq4l._sx425_.jpg', 'https://images-na.ssl-images-amazon.com/images/i/41eua6oiq4l._sx466_.jpg', 'https://images-na.ssl-images-amazon.com/images/i/41eua6oiq4l._sx342_.jpg', 'https://images-na.ssl-images-amazon.com/images/i/41eua6oiq4l.jpg', 'https://images-na.ssl-images-amazon.com/images/i/41eua6oiq4l._sx385_.jpg']",Blue,Appario Retail Private Ltd,"Rs. 1,049.00"
"Nokia 105 2019 (Single SIM, Blue)","₹ 1,049.00","₹ 1,249.00",₹ 200.00 (16%),https://images-na.ssl-images-amazon.com/images/i/41eua6oiq4l._sx425_.jpg,"['https://images-na.ssl-images-amazon.com/images/i/41eua6oiq4l._sx425_.jpg', 'https://images-na.ssl-images-amazon.com/images/i/41eua6oiq4l._sx466_.jpg', 'https://images-na.ssl-images-amazon.com/images/i/41eua6oiq4l._sx342_.jpg', 'https://images-na.ssl-images-amazon.com/images/i/41eua6oiq4l.jpg', 'https://images-na.ssl-images-amazon.com/images/i/41eua6oiq4l._sx385_.jpg']",Blue,joya communication,"Rs. 1,029.00"
"Nokia 105 2019 (Single SIM, Blue)","₹ 1,049.00","₹ 1,249.00",₹ 200.00 (16%),https://images-na.ssl-images-amazon.com/images/i/41eua6oiq4l._sx425_.jpg,"['https://images-na.ssl-images-amazon.com/images/i/41eua6oiq4l._sx425_.jpg', 'https://images-na.ssl-images-amazon.com/images/i/41eua6oiq4l._sx466_.jpg', 'https://images-na.ssl-images-amazon.com/images/i/41eua6oiq4l._sx342_.jpg', 'https://images-na.ssl-images-amazon.com/images/i/41eua6oiq4l.jpg', 'https://images-na.ssl-images-amazon.com/images/i/41eua6oiq4l._sx385_.jpg']",Blue,DJSALES,"Rs. 1,079.00"
"Nokia 105 2019 (Single SIM, Blue)","₹ 1,049.00","₹ 1,249.00",₹ 200.00 (16%),https://images-na.ssl-images-amazon.com/images/i/41eua6oiq4l._sx425_.jpg,"['https://images-na.ssl-images-amazon.com/images/i/41eua6oiq4l._sx425_.jpg', 'https://images-na.ssl-images-amazon.com/images/i/41eua6oiq4l._sx466_.jpg', 'https://images-na.ssl-images-amazon.com/images/i/41eua6oiq4l._sx342_.jpg', 'https://images-na.ssl-images-amazon.com/images/i/41eua6oiq4l.jpg', 'https://images-na.ssl-images-amazon.com/images/i/41eua6oiq4l._sx385_.jpg']",Blue,OMNIKART,"Rs. 1,098.00"
"Nokia 105 2019 (Single SIM, Blue)","₹ 1,049.00","₹ 1,249.00",₹ 200.00 (16%),https://images-na.ssl-images-amazon.com/images/i/41eua6oiq4l._sx425_.jpg,"['https://images-na.ssl-images-amazon.com/images/i/41eua6oiq4l._sx425_.jpg', 'https://images-na.ssl-images-amazon.com/images/i/41eua6oiq4l._sx466_.jpg', 'https://images-na.ssl-images-amazon.com/images/i/41eua6oiq4l._sx342_.jpg', 'https://images-na.ssl-images-amazon.com/images/i/41eua6oiq4l.jpg', 'https://images-na.ssl-images-amazon.com/images/i/41eua6oiq4l._sx385_.jpg']",Blue,WEB-TAIL,"Rs. 1,099.00"
"Nokia 105 2019 (Single SIM, Blue)","₹ 1,049.00","₹ 1,249.00",₹ 200.00 (16%),https://images-na.ssl-images-amazon.com/images/i/41eua6oiq4l._sx425_.jpg,"['https://images-na.ssl-images-amazon.com/images/i/41eua6oiq4l._sx425_.jpg', 'https://images-na.ssl-images-amazon.com/images/i/41eua6oiq4l._sx466_.jpg', 'https://images-na.ssl-images-amazon.com/images/i/41eua6oiq4l._sx342_.jpg', 'https://images-na.ssl-images-amazon.com/images/i/41eua6oiq4l.jpg', 'https://images-na.ssl-images-amazon.com/images/i/41eua6oiq4l._sx385_.jpg']",Blue,ALPHABAT,"Rs. 1,115.00"
"Nokia 105 2019 (Single SIM, Blue)","₹ 1,049.00","₹ 1,249.00",₹ 200.00 (16%),https://images-na.ssl-images-amazon.com/images/i/41eua6oiq4l._sx425_.jpg,"['https://images-na.ssl-images-amazon.com/images/i/41eua6oiq4l._sx425_.jpg', 'https://images-na.ssl-images-amazon.com/images/i/41eua6oiq4l._sx466_.jpg', 'https://images-na.ssl-images-amazon.com/images/i/41eua6oiq4l._sx342_.jpg', 'https://images-na.ssl-images-amazon.com/images/i/41eua6oiq4l.jpg', 'https://images-na.ssl-images-amazon.com/images/i/41eua6oiq4l._sx385_.jpg']",Blue,D-Cart,"Rs. 1,121.00"
"Nokia 105 2019 (Single SIM, Blue)","₹ 1,049.00","₹ 1,249.00",₹ 200.00 (16%),https://images-na.ssl-images-amazon.com/images/i/41eua6oiq4l._sx425_.jpg,"['https://images-na.ssl-images-amazon.com/images/i/41eua6oiq4l._sx425_.jpg', 'https://images-na.ssl-images-amazon.com/images/i/41eua6oiq4l._sx466_.jpg', 'https://images-na.ssl-images-amazon.com/images/i/41eua6oiq4l._sx342_.jpg', 'https://images-na.ssl-images-amazon.com/images/i/41eua6oiq4l.jpg', 'https://images-na.ssl-images-amazon.com/images/i/41eua6oiq4l._sx385_.jpg']",Blue,webonline,"Rs. 1,160.00"
"Nokia 105 2019 (Single SIM, Blue)","₹ 1,049.00","₹ 1,249.00",₹ 200.00 (16%),https://images-na.ssl-images-amazon.com/images/i/41eua6oiq4l._sx425_.jpg,"['https://images-na.ssl-images-amazon.com/images/i/41eua6oiq4l._sx425_.jpg', 'https://images-na.ssl-images-amazon.com/images/i/41eua6oiq4l._sx466_.jpg', 'https://images-na.ssl-images-amazon.com/images/i/41eua6oiq4l._sx342_.jpg', 'https://images-na.ssl-images-amazon.com/images/i/41eua6oiq4l.jpg', 'https://images-na.ssl-images-amazon.com/images/i/41eua6oiq4l._sx385_.jpg']",Blue,Per Day Deal,"Rs. 1,185.00"
"Nokia 105 2019 (Single SIM, Blue)","₹ 1,049.00","₹ 1,249.00",₹ 200.00 (16%),https://images-na.ssl-images-amazon.com/images/i/41eua6oiq4l._sx425_.jpg,"['https://images-na.ssl-images-amazon.com/images/i/41eua6oiq4l._sx425_.jpg', 'https://images-na.ssl-images-amazon.com/images/i/41eua6oiq4l._sx466_.jpg', 'https://images-na.ssl-images-amazon.com/images/i/41eua6oiq4l._sx342_.jpg', 'https://images-na.ssl-images-amazon.com/images/i/41eua6oiq4l.jpg', 'https://images-na.ssl-images-amazon.com/images/i/41eua6oiq4l._sx385_.jpg']",Blue,Chawla Mobiles,"Rs. 1,098.00"
"Nokia 105 2019 (Single SIM, Blue)","₹ 1,049.00","₹ 1,249.00",₹ 200.00 (16%),https://images-na.ssl-images-amazon.com/images/i/41eua6oiq4l._sx425_.jpg,"['https://images-na.ssl-images-amazon.com/images/i/41eua6oiq4l._sx425_.jpg', 'https://images-na.ssl-images-amazon.com/images/i/41eua6oiq4l._sx466_.jpg', 'https://images-na.ssl-images-amazon.com/images/i/41eua6oiq4l._sx342_.jpg', 'https://images-na.ssl-images-amazon.com/images/i/41eua6oiq4l.jpg', 'https://images-na.ssl-images-amazon.com/images/i/41eua6oiq4l._sx385_.jpg']",Blue,A S International.,"Rs. 1,099.00"
"Nokia 105 2019 (Single SIM, Blue)","₹ 1,049.00","₹ 1,249.00",₹ 200.00 (16%),https://images-na.ssl-images-amazon.com/images/i/41eua6oiq4l._sx425_.jpg,"['https://images-na.ssl-images-amazon.com/images/i/41eua6oiq4l._sx425_.jpg', 'https://images-na.ssl-images-amazon.com/images/i/41eua6oiq4l._sx466_.jpg', 'https://images-na.ssl-images-amazon.com/images/i/41eua6oiq4l._sx342_.jpg', 'https://images-na.ssl-images-amazon.com/images/i/41eua6oiq4l.jpg', 'https://images-na.ssl-images-amazon.com/images/i/41eua6oiq4l._sx385_.jpg']",Blue,CloudNine India,"Rs. 1,328.00"
"Nokia 105 2019 (Single SIM, Black)","₹ 1,049.00","₹ 1,249.00",₹ 200.00 (16%),https://images-na.ssl-images-amazon.com/images/i/31z2ee9oyql._sx385_.jpg,"['https://images-na.ssl-images-amazon.com/images/i/31z2ee9oyql._sx385_.jpg', 'https://images-na.ssl-images-amazon.com/images/i/31z2ee9oyql.jpg', 'https://images-na.ssl-images-amazon.com/images/i/31z2ee9oyql._sx342_.jpg', 'https://images-na.ssl-images-amazon.com/images/i/31z2ee9oyql._sx425_.jpg', 'https://images-na.ssl-images-amazon.com/images/i/31z2ee9oyql._sx466_.jpg']",Black,Appario Retail Private Ltd,"Rs. 1,049.00"
"Nokia 105 2019 (Single SIM, Black)","₹ 1,049.00","₹ 1,249.00",₹ 200.00 (16%),https://images-na.ssl-images-amazon.com/images/i/31z2ee9oyql._sx385_.jpg,"['https://images-na.ssl-images-amazon.com/images/i/31z2ee9oyql._sx385_.jpg', 'https://images-na.ssl-images-amazon.com/images/i/31z2ee9oyql.jpg', 'https://images-na.ssl-images-amazon.com/images/i/31z2ee9oyql._sx342_.jpg', 'https://images-na.ssl-images-amazon.com/images/i/31z2ee9oyql._sx425_.jpg', 'https://images-na.ssl-images-amazon.com/images/i/31z2ee9oyql._sx466_.jpg']",Black,Kl sons,"Rs. 1,049.00"
"Nokia 105 2019 (Single SIM, Black)","₹ 1,049.00","₹ 1,249.00",₹ 200.00 (16%),https://images-na.ssl-images-amazon.com/images/i/31z2ee9oyql._sx385_.jpg,"['https://images-na.ssl-images-amazon.com/images/i/31z2ee9oyql._sx385_.jpg', 'https://images-na.ssl-images-amazon.com/images/i/31z2ee9oyql.jpg', 'https://images-na.ssl-images-amazon.com/images/i/31z2ee9oyql._sx342_.jpg', 'https://images-na.ssl-images-amazon.com/images/i/31z2ee9oyql._sx425_.jpg', 'https://images-na.ssl-images-amazon.com/images/i/31z2ee9oyql._sx466_.jpg']",Black,SATGURU ENTERPRISES01,Rs. 989.00
"Nokia 105 2019 (Single SIM, Black)","₹ 1,049.00","₹ 1,249.00",₹ 200.00 (16%),https://images-na.ssl-images-amazon.com/images/i/31z2ee9oyql._sx385_.jpg,"['https://images-na.ssl-images-amazon.com/images/i/31z2ee9oyql._sx385_.jpg', 'https://images-na.ssl-images-amazon.com/images/i/31z2ee9oyql.jpg', 'https://images-na.ssl-images-amazon.com/images/i/31z2ee9oyql._sx342_.jpg', 'https://images-na.ssl-images-amazon.com/images/i/31z2ee9oyql._sx425_.jpg', 'https://images-na.ssl-images-amazon.com/images/i/31z2ee9oyql._sx466_.jpg']",Black,DJSALES,"Rs. 1,079.00"
"Nokia 105 2019 (Single SIM, Black)","₹ 1,049.00","₹ 1,249.00",₹ 200.00 (16%),https://images-na.ssl-images-amazon.com/images/i/31z2ee9oyql._sx385_.jpg,"['https://images-na.ssl-images-amazon.com/images/i/31z2ee9oyql._sx385_.jpg', 'https://images-na.ssl-images-amazon.com/images/i/31z2ee9oyql.jpg', 'https://images-na.ssl-images-amazon.com/images/i/31z2ee9oyql._sx342_.jpg', 'https://images-na.ssl-images-amazon.com/images/i/31z2ee9oyql._sx425_.jpg', 'https://images-na.ssl-images-amazon.com/images/i/31z2ee9oyql._sx466_.jpg']",Black,Delhi Deal,"Rs. 1,088.00"
"Nokia 105 2019 (Single SIM, Black)","₹ 1,049.00","₹ 1,249.00",₹ 200.00 (16%),https://images-na.ssl-images-amazon.com/images/i/31z2ee9oyql._sx385_.jpg,"['https://images-na.ssl-images-amazon.com/images/i/31z2ee9oyql._sx385_.jpg', 'https://images-na.ssl-images-amazon.com/images/i/31z2ee9oyql.jpg', 'https://images-na.ssl-images-amazon.com/images/i/31z2ee9oyql._sx342_.jpg', 'https://images-na.ssl-images-amazon.com/images/i/31z2ee9oyql._sx425_.jpg', 'https://images-na.ssl-images-amazon.com/images/i/31z2ee9oyql._sx466_.jpg']",Black,OMNIKART,"Rs. 1,098.00"
"Nokia 105 2019 (Single SIM, Black)","₹ 1,049.00","₹ 1,249.00",₹ 200.00 (16%),https://images-na.ssl-images-amazon.com/images/i/31z2ee9oyql._sx385_.jpg,"['https://images-na.ssl-images-amazon.com/images/i/31z2ee9oyql._sx385_.jpg', 'https://images-na.ssl-images-amazon.com/images/i/31z2ee9oyql.jpg', 'https://images-na.ssl-images-amazon.com/images/i/31z2ee9oyql._sx342_.jpg', 'https://images-na.ssl-images-amazon.com/images/i/31z2ee9oyql._sx425_.jpg', 'https://images-na.ssl-images-amazon.com/images/i/31z2ee9oyql._sx466_.jpg']",Black,webonline,"Rs. 1,124.00"
"Nokia 105 2019 (Single SIM, Black)","₹ 1,049.00","₹ 1,249.00",₹ 200.00 (16%),https://images-na.ssl-images-amazon.com/images/i/31z2ee9oyql._sx385_.jpg,"['https://images-na.ssl-images-amazon.com/images/i/31z2ee9oyql._sx385_.jpg', 'https://images-na.ssl-images-amazon.com/images/i/31z2ee9oyql.jpg', 'https://images-na.ssl-images-amazon.com/images/i/31z2ee9oyql._sx342_.jpg', 'https://images-na.ssl-images-amazon.com/images/i/31z2ee9oyql._sx425_.jpg', 'https://images-na.ssl-images-amazon.com/images/i/31z2ee9oyql._sx466_.jpg']",Black,D-Cart,"Rs. 1,126.00"
"Nokia 105 2019 (Single SIM, Black)","₹ 1,049.00","₹ 1,249.00",₹ 200.00 (16%),https://images-na.ssl-images-amazon.com/images/i/31z2ee9oyql._sx385_.jpg,"['https://images-na.ssl-images-amazon.com/images/i/31z2ee9oyql._sx385_.jpg', 'https://images-na.ssl-images-amazon.com/images/i/31z2ee9oyql.jpg', 'https://images-na.ssl-images-amazon.com/images/i/31z2ee9oyql._sx342_.jpg', 'https://images-na.ssl-images-amazon.com/images/i/31z2ee9oyql._sx425_.jpg', 'https://images-na.ssl-images-amazon.com/images/i/31z2ee9oyql._sx466_.jpg']",Black,ALPHABAT,"Rs. 1,127.00"
"Nokia 105 2019 (Single SIM, Black)","₹ 1,049.00","₹ 1,249.00",₹ 200.00 (16%),https://images-na.ssl-images-amazon.com/images/i/31z2ee9oyql._sx385_.jpg,"['https://images-na.ssl-images-amazon.com/images/i/31z2ee9oyql._sx385_.jpg', 'https://images-na.ssl-images-amazon.com/images/i/31z2ee9oyql.jpg', 'https://images-na.ssl-images-amazon.com/images/i/31z2ee9oyql._sx342_.jpg', 'https://images-na.ssl-images-amazon.com/images/i/31z2ee9oyql._sx425_.jpg', 'https://images-na.ssl-images-amazon.com/images/i/31z2ee9oyql._sx466_.jpg']",Black,Chawla Mobiles,"Rs. 1,049.00"
"Nokia 105 2019 (Single SIM, Black)","₹ 1,049.00","₹ 1,249.00",₹ 200.00 (16%),https://images-na.ssl-images-amazon.com/images/i/31z2ee9oyql._sx385_.jpg,"['https://images-na.ssl-images-amazon.com/images/i/31z2ee9oyql._sx385_.jpg', 'https://images-na.ssl-images-amazon.com/images/i/31z2ee9oyql.jpg', 'https://images-na.ssl-images-amazon.com/images/i/31z2ee9oyql._sx342_.jpg', 'https://images-na.ssl-images-amazon.com/images/i/31z2ee9oyql._sx425_.jpg', 'https://images-na.ssl-images-amazon.com/images/i/31z2ee9oyql._sx466_.jpg']",Black,Venturez,"Rs. 1,148.00"
"Nokia 105 2019 (Single SIM, Black)","₹ 1,049.00","₹ 1,249.00",₹ 200.00 (16%),https://images-na.ssl-images-amazon.com/images/i/31z2ee9oyql._sx385_.jpg,"['https://images-na.ssl-images-amazon.com/images/i/31z2ee9oyql._sx385_.jpg', 'https://images-na.ssl-images-amazon.com/images/i/31z2ee9oyql.jpg', 'https://images-na.ssl-images-amazon.com/images/i/31z2ee9oyql._sx342_.jpg', 'https://images-na.ssl-images-amazon.com/images/i/31z2ee9oyql._sx425_.jpg', 'https://images-na.ssl-images-amazon.com/images/i/31z2ee9oyql._sx466_.jpg']",Black,R M Digitals,"Rs. 1,150.00"
"Nokia 105 2019 (Single SIM, Black)","₹ 1,049.00","₹ 1,249.00",₹ 200.00 (16%),https://images-na.ssl-images-amazon.com/images/i/31z2ee9oyql._sx385_.jpg,"['https://images-na.ssl-images-amazon.com/images/i/31z2ee9oyql._sx385_.jpg', 'https://images-na.ssl-images-amazon.com/images/i/31z2ee9oyql.jpg', 'https://images-na.ssl-images-amazon.com/images/i/31z2ee9oyql._sx342_.jpg', 'https://images-na.ssl-images-amazon.com/images/i/31z2ee9oyql._sx425_.jpg', 'https://images-na.ssl-images-amazon.com/images/i/31z2ee9oyql._sx466_.jpg']",Black,Per Day Deal,"Rs. 1,185.00"
"Nokia 105 2019 (Single SIM, Black)","₹ 1,049.00","₹ 1,249.00",₹ 200.00 (16%),https://images-na.ssl-images-amazon.com/images/i/31z2ee9oyql._sx385_.jpg,"['https://images-na.ssl-images-amazon.com/images/i/31z2ee9oyql._sx385_.jpg', 'https://images-na.ssl-images-amazon.com/images/i/31z2ee9oyql.jpg', 'https://images-na.ssl-images-amazon.com/images/i/31z2ee9oyql._sx342_.jpg', 'https://images-na.ssl-images-amazon.com/images/i/31z2ee9oyql._sx425_.jpg', 'https://images-na.ssl-images-amazon.com/images/i/31z2ee9oyql._sx466_.jpg']",Black,R S Trade,"Rs. 1,195.00"
"Nokia 105 2019 (Single SIM, Black)","₹ 1,049.00","₹ 1,249.00",₹ 200.00 (16%),https://images-na.ssl-images-amazon.com/images/i/31z2ee9oyql._sx385_.jpg,"['https://images-na.ssl-images-amazon.com/images/i/31z2ee9oyql._sx385_.jpg', 'https://images-na.ssl-images-amazon.com/images/i/31z2ee9oyql.jpg', 'https://images-na.ssl-images-amazon.com/images/i/31z2ee9oyql._sx342_.jpg', 'https://images-na.ssl-images-amazon.com/images/i/31z2ee9oyql._sx425_.jpg', 'https://images-na.ssl-images-amazon.com/images/i/31z2ee9oyql._sx466_.jpg']",Black,sangam infotech,"Rs. 1,199.00"
"Nokia 105 2019 (Single SIM, Black)","₹ 1,049.00","₹ 1,249.00",₹ 200.00 (16%),https://images-na.ssl-images-amazon.com/images/i/31z2ee9oyql._sx385_.jpg,"['https://images-na.ssl-images-amazon.com/images/i/31z2ee9oyql._sx385_.jpg', 'https://images-na.ssl-images-amazon.com/images/i/31z2ee9oyql.jpg', 'https://images-na.ssl-images-amazon.com/images/i/31z2ee9oyql._sx342_.jpg', 'https://images-na.ssl-images-amazon.com/images/i/31z2ee9oyql._sx425_.jpg', 'https://images-na.ssl-images-amazon.com/images/i/31z2ee9oyql._sx466_.jpg']",Black,SRI INFOTECH,"Rs. 1,199.00"
"Nokia 105 2019 (Single SIM, Black)","₹ 1,049.00","₹ 1,249.00",₹ 200.00 (16%),https://images-na.ssl-images-amazon.com/images/i/31z2ee9oyql._sx385_.jpg,"['https://images-na.ssl-images-amazon.com/images/i/31z2ee9oyql._sx385_.jpg', 'https://images-na.ssl-images-amazon.com/images/i/31z2ee9oyql.jpg', 'https://images-na.ssl-images-amazon.com/images/i/31z2ee9oyql._sx342_.jpg', 'https://images-na.ssl-images-amazon.com/images/i/31z2ee9oyql._sx425_.jpg', 'https://images-na.ssl-images-amazon.com/images/i/31z2ee9oyql._sx466_.jpg']",Black,Diwoox India,"Rs. 1,199.00"
